239,https://docs.google.com/spreadsheets/d/1zx6cGlU6Q-wSXw8dGDaq72J6zGt8LyGmlVgHtAqWckY/edit?usp=drivesdk
712,https://docs.google.com/spreadsheets/d/114tg6VB4xcsnxHrU3diPjHJ9rwXgky-PyswzqlYQNTw/edit?usp=drivesdk
858,https://docs.google.com/spreadsheets/d/13mb2nmXkP7X6yv3erDzgCcd6h68apmJYze6h6vu-juY/edit?usp=drivesdk
598,https://docs.google.com/spreadsheets/d/1g-zdq0gY11nNipSuO_ebh1sPmvOZzZ93l_k4-5vef7s/edit?usp=drivesdk
867,https://docs.google.com/spreadsheets/d/110tO7DfMT7hFgeG_hztgaZAgaI02yj5Kf-xW0S0vUS4/edit?usp=drivesdk
493,https://docs.google.com/spreadsheets/d/1olNYNTbFedZntZ5sInthIBTFm0MUNupJAqDKpxCJwaA/edit?usp=drivesdk
872,https://docs.google.com/spreadsheets/d/1578pHNf1hujkz89_LeAXUJmcAYq9Gx2FZT-ToE6h6uQ/edit?usp=drivesdk
372,https://docs.google.com/spreadsheets/d/15HYLNYHS8kqvvI_-Eh-kP7yg1Q7fo0LF26jT1Pgg0d0/edit?usp=drivesdk
958,https://docs.google.com/spreadsheets/d/1i3Pg-rBnLsTiA7peyNcCZXCPWgSxB38a8o5yQ0wJMV4/edit?usp=drivesdk
788,https://docs.google.com/spreadsheets/d/1eB9RRKpNEyQ06kiPvqKZYZMmrHwqT8Yhqpx1ZQ_pwAk/edit?usp=drivesdk
009,https://docs.google.com/spreadsheets/d/1c-1vbP8jfDas2-oesYt9IxKt1zW-cFVH7M96INR9gTc/edit?usp=drivesdk
914,https://docs.google.com/spreadsheets/d/1zk7lYZ2hQtDJVSXdD-UWF8PeMKlZrfIj-Hp01PXMBdI/edit?usp=drivesdk
950,https://docs.google.com/spreadsheets/d/11AXbCdCYInBuTZNCYOMZdbibWg8qpLnD3_l_gm4TLZo/edit?usp=drivesdk
861,https://docs.google.com/spreadsheets/d/1AwJVnb_M0bRxxeVRLSOlnwCPoConrSn9N_aMrZ5rdxQ/edit?usp=drivesdk
118,https://docs.google.com/spreadsheets/d/1d35gCmSwwp2FxydVy4ijXyd33QTNYioI2DIfCEJtMzo/edit?usp=drivesdk
628,https://docs.google.com/spreadsheets/d/1LGmqV6zEL3hQx80QmvKp8OYjRYAb-QXo9scthGzvsqY/edit?usp=drivesdk
024,https://docs.google.com/spreadsheets/d/1quIJhJN0XzyHDb0SmUCxmtoOHH2tNTp_UFcm5jawh1A/edit?usp=drivesdk
450,https://docs.google.com/spreadsheets/d/1iNgUuLO6_z0SIvn4bS7S_GhsaFogpbHeBS6-SNpCl3o/edit?usp=drivesdk
508,https://docs.google.com/spreadsheets/d/1ju1IkhDxX9OgN-BhZnQ7euhtPL4cSfCMlZ-t_8oXetQ/edit?usp=drivesdk
360,https://docs.google.com/spreadsheets/d/1wuwgj8oyj9m5olimjKpte02g3rki5LNkWbHJKYOUfp0/edit?usp=drivesdk
651,https://docs.google.com/spreadsheets/d/1clRPKqO01Yq-ZIXwvJ4Lo4gYq7kfI9sMawLW6ViTROM/edit?usp=drivesdk
141,https://docs.google.com/spreadsheets/d/1ZUufnNcgpbLidheaNlfiCjDjU0JpHT-dLW7KRWfc4Hk/edit?usp=drivesdk
247,https://docs.google.com/spreadsheets/d/1o7B4iwI3VAw2OxVaYvb4NfHnD6rwXPSyvdvEPfrrOos/edit?usp=drivesdk
626,https://docs.google.com/spreadsheets/d/1DF5Poma_wxWfyWcX78jh0VsQI9FC4hMTUM-Gc3ZNBWo/edit?usp=drivesdk
532,https://docs.google.com/spreadsheets/d/1AQR-C4GHp7HnVSyHyAhwsYx7SP4yXnAWHRRK-sCvAJE/edit?usp=drivesdk
101,https://docs.google.com/spreadsheets/d/1dfQxAApmTsJi3ncZFjjf7TVTDEz2WhWrKCTBs8l0Gx4/edit?usp=drivesdk
290,https://docs.google.com/spreadsheets/d/1666q53g8b1oU2WTKeLS1WzjHBb6dtBgowgL8JAP9hVs/edit?usp=drivesdk
186,https://docs.google.com/spreadsheets/d/1_uLFqpk8UfmkiEh2A8lJZnOfARCVojRh4vMW0aC070w/edit?usp=drivesdk
380,https://docs.google.com/spreadsheets/d/1RV7ZmU4FKxs3DuJLXIv9202THjzEeFlQQEZgwntArBM/edit?usp=drivesdk
541,https://docs.google.com/spreadsheets/d/1QDLHlXlWfTQkQysRlTnqsr1lCz1qmIpnWWeCgJFXhNo/edit?usp=drivesdk
415,https://docs.google.com/spreadsheets/d/1topwEqeAa2r1b2fHHwYsala7KgVzWYlppRnN21EZfA0/edit?usp=drivesdk
660,https://docs.google.com/spreadsheets/d/1vaGAwnCAdJ1UFsHqBKrH6a7mayp9ydVQrksonZSMkko/edit?usp=drivesdk
503,https://docs.google.com/spreadsheets/d/1LcXq3HJckdNzBpdtD-3T7SMeKKsRi68dKC5RSRY0bMo/edit?usp=drivesdk
591,https://docs.google.com/spreadsheets/d/1AEZ5vYOrmshcPZ5p-odIZDVpcTem_dJEABOFBRwFEC4/edit?usp=drivesdk
207,https://docs.google.com/spreadsheets/d/1ah7l8VOYVQ8uDVekqRHVY7wbaUEiYaoFg6Cd3ODMJTk/edit?usp=drivesdk
139,https://docs.google.com/spreadsheets/d/1wodR_A2li4mGTUzyp_KeEtO__gJODE7RNtxYg8kUfVI/edit?usp=drivesdk
109,https://docs.google.com/spreadsheets/d/1bVGJcdbGuxTXCSdnLCNuPkfCyL3qQVDiqvATG-KNt5o/edit?usp=drivesdk
480,https://docs.google.com/spreadsheets/d/1jHtpFFiBVKTPkq8R5dlcT5-KIrBcZmPoio0zmQZAvsE/edit?usp=drivesdk
462,https://docs.google.com/spreadsheets/d/1U6p6ZExoKqqP9TtFkVdn9wRfilVSAq9-D8Rp4wosGXk/edit?usp=drivesdk
542,https://docs.google.com/spreadsheets/d/1n9knU23gvuW4Dov_M_SFmxxOXHPs5NejdSKZ4RXJsXU/edit?usp=drivesdk
905,https://docs.google.com/spreadsheets/d/1lAj6MRKqPpVjJrzCvhTBBORKZwVDBetNoScdfr4Jnps/edit?usp=drivesdk
070,https://docs.google.com/spreadsheets/d/1cWzaueSdYGkGXe0Z8x5qe6mKQwZvXIMijmG_te4u0mI/edit?usp=drivesdk
536,https://docs.google.com/spreadsheets/d/1Rgraomydp5hhkIND_EiPeCFF6plvNswfnAGAB6XomT8/edit?usp=drivesdk